Category,Role / ID,Count,Status,Notes
Character family,player,1,REQUIRED,8 facings; 6 runtime animation-state roles
Character family,grunt,1,REQUIRED,8 facings; 6 runtime animation-state roles
Character family,shooter,1,REQUIRED,8 facings; 6 runtime animation-state roles
Character family,swarm,1,REQUIRED,8 facings; 6 runtime animation-state roles
Character family,charger,1,REQUIRED,8 facings; 6 runtime animation-state roles
Character family,brute,1,REQUIRED,8 facings; 6 runtime animation-state roles
Character family,bomber,1,REQUIRED,8 facings; 6 runtime animation-state roles
Character family,shield_enemy,1,REQUIRED,8 facings; 6 runtime animation-state roles
Character family,sniper_enemy,1,REQUIRED,8 facings; 6 runtime animation-state roles
Character family,summoner,1,REQUIRED,8 facings; 6 runtime animation-state roles
Character family,elite_tunnel_stalker,1,REQUIRED,8 facings; 6 runtime animation-state roles
Character family,elite_railguard,1,REQUIRED,8 facings; 6 runtime animation-state roles
Character family,elite_scrap_executioner,1,REQUIRED,8 facings; 6 runtime animation-state roles
Character family,elite_crusher_unit,1,REQUIRED,8 facings; 6 runtime animation-state roles
Character family,elite_mutated_brute,1,REQUIRED,8 facings; 6 runtime animation-state roles
Character family,elite_prototype_x7,1,REQUIRED,8 facings; 6 runtime animation-state roles
Character family,boss_the_conductor,1,REQUIRED,8 facings; 6 runtime animation-state roles
Character family,boss_tunnel_maw,1,REQUIRED,8 facings; 6 runtime animation-state roles
Character family,boss_foundry_titan,1,REQUIRED,8 facings; 6 runtime animation-state roles
Character family,boss_scrap_king,1,REQUIRED,8 facings; 6 runtime animation-state roles
Character family,boss_aegis_core,1,REQUIRED,8 facings; 6 runtime animation-state roles
Character family,boss_subject_omega,1,REQUIRED,8 facings; 6 runtime animation-state roles
Weapon world sprite,P9 Ranger,1,REQUIRED,
Weapon world sprite,Kestrel-12,1,REQUIRED,
Weapon world sprite,Quickfang,1,REQUIRED,
Weapon world sprite,Rattler-9,1,REQUIRED,
Weapon world sprite,Wasp-45,1,REQUIRED,
Weapon world sprite,Buzzsaw,1,REQUIRED,
Weapon world sprite,AR-17,1,REQUIRED,
Weapon world sprite,Marauder A2,1,REQUIRED,
Weapon world sprite,Vanguard,1,REQUIRED,
Weapon world sprite,Sentinel,1,REQUIRED,
Weapon world sprite,Hound,1,REQUIRED,
Weapon world sprite,Judicator,1,REQUIRED,
Weapon world sprite,Breacher,1,REQUIRED,
Weapon world sprite,Scatter,1,REQUIRED,
Weapon world sprite,Crowdbreaker,1,REQUIRED,
Weapon world sprite,Longshot,1,REQUIRED,
Weapon world sprite,Needle,1,REQUIRED,
Weapon world sprite,Farline,1,REQUIRED,
Weapon world sprite,Pipe,1,REQUIRED,
Weapon world sprite,Twin-Tube,1,REQUIRED,
Weapon world sprite,Sunbreaker,1,REQUIRED,
Weapon world sprite,Recurve,1,REQUIRED,
Weapon world sprite,Compound,1,REQUIRED,
Weapon world sprite,Stormstring,1,REQUIRED,
Weapon world sprite,Pulse B1,1,REQUIRED,
Weapon world sprite,Arc B4,1,REQUIRED,
Weapon world sprite,Redline,1,REQUIRED,
Weapon world sprite,Field Knife,1,REQUIRED,
Weapon world sprite,Ripper,1,REQUIRED,
Weapon world sprite,Ghostedge,1,REQUIRED,
Weapon world sprite,Scrap Spear,1,REQUIRED,
Weapon world sprite,Guard Lance,1,REQUIRED,
Weapon world sprite,Railspike,1,REQUIRED,
Biome,Ruined Metro — floor,1,REQUIRED,
Biome,Ruined Metro — floor_detail,1,REQUIRED,
Biome,Ruined Metro — wall,1,REQUIRED,
Biome,Ruined Metro — obstacle,1,REQUIRED,
Biome,Ruined Metro — hazard,1,REQUIRED,
Biome,Ruined Metro — props,1,REQUIRED,
Biome,Ruined Metro — doors,1,REQUIRED,
Biome,Ruined Metro — rail_infrastructure,1,REQUIRED,
Biome,Ruined Metro — decals,1,REQUIRED,
Biome,Ruined Metro — foreground,1,REQUIRED,
Biome,Ruined Metro — environment_vfx,1,REQUIRED,
Biome,Ruined Metro — lighting,1,REQUIRED,
Biome,Rustworks — floor,1,REQUIRED,
Biome,Rustworks — floor_detail,1,REQUIRED,
Biome,Rustworks — wall,1,REQUIRED,
Biome,Rustworks — obstacle,1,REQUIRED,
Biome,Rustworks — hazard,1,REQUIRED,
Biome,Rustworks — props,1,REQUIRED,
Biome,Rustworks — doors,1,REQUIRED,
Biome,Rustworks — rail_infrastructure,1,REQUIRED,
Biome,Rustworks — decals,1,REQUIRED,
Biome,Rustworks — foreground,1,REQUIRED,
Biome,Rustworks — environment_vfx,1,REQUIRED,
Biome,Rustworks — lighting,1,REQUIRED,
Biome,Overgrown Labs — floor,1,REQUIRED,
Biome,Overgrown Labs — floor_detail,1,REQUIRED,
Biome,Overgrown Labs — wall,1,REQUIRED,
Biome,Overgrown Labs — obstacle,1,REQUIRED,
Biome,Overgrown Labs — hazard,1,REQUIRED,
Biome,Overgrown Labs — props,1,REQUIRED,
Biome,Overgrown Labs — doors,1,REQUIRED,
Biome,Overgrown Labs — rail_infrastructure,1,REQUIRED,
Biome,Overgrown Labs — decals,1,REQUIRED,
Biome,Overgrown Labs — foreground,1,REQUIRED,
Biome,Overgrown Labs — environment_vfx,1,REQUIRED,
Biome,Overgrown Labs — lighting,1,REQUIRED,
World/Base object,Supply Chest,1,REQUIRED,
World/Base object,Item Pickup,1,REQUIRED,
World/Base object,Coin Pickup,1,REQUIRED,
World/Base object,Dungeon Merchant,1,REQUIRED,
World/Base object,Medical Station,1,REQUIRED,
World/Base object,Transit Car,1,REQUIRED,
World/Base object,Doors,1,REQUIRED,
World/Base object,Locked Vault,1,REQUIRED,
World/Base object,Cursed Chest,1,REQUIRED,
World/Base object,Broken Machine,1,REQUIRED,
World/Base object,Supply Signal,1,REQUIRED,
World/Base object,Weapon Cache,1,REQUIRED,
World/Base object,Storage Station,1,REQUIRED,
World/Base object,Loadout Station,1,REQUIRED,
World/Base object,Trader Station,1,REQUIRED,
World/Base object,Character Station,1,REQUIRED,
World/Base object,Workshop Station,1,REQUIRED,
World/Base object,Multiplayer Terminal,1,REQUIRED,
World/Base object,Expedition Transit,1,REQUIRED,
VFX,Muzzle flash,1,REQUIRED,
VFX,Impact,1,REQUIRED,
VFX,Explosion,1,REQUIRED,
VFX,Melee arc,1,REQUIRED,
VFX,Stagger,1,REQUIRED,
VFX,Heal,1,REQUIRED,
VFX,Status,1,REQUIRED,
VFX,Loot glow,1,REQUIRED,
VFX,Telegraph zone,1,REQUIRED,
VFX,Telegraph dash,1,REQUIRED,
VFX,Telegraph projectile/aim,1,REQUIRED,
VFX,Slam marker,1,REQUIRED,
VFX,Elite/Boss phase,1,REQUIRED,
UI,Panels,1,REQUIRED,
UI,Buttons,1,REQUIRED,
UI,Focus states,1,REQUIRED,
UI,Rarity frames,1,REQUIRED,
UI,HP bar,1,REQUIRED,
UI,XP bar,1,REQUIRED,
UI,Inventory slots,1,REQUIRED,
UI,Ammo icons,1,REQUIRED,
UI,Consumable icons,1,REQUIRED,
UI,Coin icon,1,REQUIRED,
UI,Keyboard/mouse glyphs,1,REQUIRED,
UI,Controller glyphs,1,REQUIRED,
UI,Main menu presentation,1,REQUIRED,
UI,Loading/transition/error skin,1,REQUIRED,
UI,Pixel font,1,REQUIRED,
UI,HUD skin,1,REQUIRED,
